wavelength / nm,Cloudy spectrum
280,0
281,0
282,0
283,0
284,0
285,0
286,0
287,0
288,0
289,0
290,0
291,0
292,0
293,0
294,0
295,0
296,0
297,0
298,0
299,0
300,0.0006465
301,0.001292
302,0.001938
303,0.0045185
304,0.005805
305,0.01032
306,0.0122455
307,0.018032
308,0.024472
309,0.0263835
310,0.032793
311,0.0533275
312,0.059706
313,0.0686405
314,0.07692
315,0.087108
316,0.07872
317,0.109994
318,0.112376
319,0.13079
320,0.1306875
321,0.159125
322,0.141192
323,0.13462
324,0.1744875
325,0.1767465
326,0.241173
327,0.251536
328,0.221481
329,0.26586
330,0.296259
331,0.253084
332,0.273372
333,0.268554
334,0.259375
335,0.289536
336,0.2583375
337,0.232441
338,0.26908
339,0.287216
340,0.309985
341,0.290136
342,0.3004905
343,0.315695
344,0.255607
345,0.27999
346,0.290863
347,0.299858
348,0.287375
349,0.281231
350,0.317592
351,0.3312
352,0.309764
353,0.30992
354,0.3596725
355,0.3620175
356,0.327137
357,0.2689445
358,0.25241
359,0.275185
360,0.348933
361,0.3029
362,0.310254
363,0.348859
364,0.350571
365,0.36036
366,0.424095
367,0.4168095
368,0.384768
369,0.399168
370,0.43488
371,0.399168
372,0.388898
373,0.3574725
374,0.321924
375,0.3419145
376,0.39285
377,0.415808
378,0.502044
379,0.437844
380,0.414291
381,0.453434
382,0.3495585
383,0.271635
384,0.30549
385,0.4044
386,0.373221
387,0.391251
388,0.382236
389,0.4113425
390,0.4782
391,0.509749
392,0.47541
393,0.28632
394,0.29512
395,0.479548
396,0.448144
397,0.251553
398,0.501402
399,0.627503
400,0.652247
401,0.67744
402,0.703098
403,0.675702
404,0.68558
405,0.66758
406,0.650217
407,0.6380855
408,0.665278
409,0.710325
410,0.604696
411,0.676811
412,0.719472
413,0.689472
414,0.681984
415,0.705563
416,0.726281
417,0.7084405
418,0.67735
419,0.70495
420,0.645725
421,0.7337
422,0.722721
423,0.699741
424,0.696294
425,0.716926
426,0.696836
427,0.672142
428,0.678432
429,0.628008
430,0.5009375
431,0.454168
432,0.7549515
433,0.701759
434,0.6475175
435,0.70965
436,0.777937
437,0.793186
438,0.695844
439,0.6679475
440,0.76545
441,0.7540115
442,0.80655
443,0.816425
444,0.794816
445,0.824568
446,0.7387485
447,0.838125
448,0.847496
449,0.844496
450,0.87438
451,0.90552
452,0.866106
453,0.79937
454,0.856739
455,0.849276
456,0.875604
457,0.8820525
458,0.862356
459,0.8549145
460,0.848595
461,0.8777735
462,0.884738
463,0.8872605
464,0.859362
465,0.8480875
466,0.864984
467,0.824847
468,0.859881
469,0.8624
470,0.828646
471,0.841617
472,0.8847305
473,0.8494
474,0.8579325
475,0.8847835
476,0.853398
477,0.857526
478,0.884535
479,0.866844
480,0.879383
481,0.878574
482,0.88102
483,0.869368
484,0.850993
485,0.847504
486,0.68688
487,0.768248
488,0.830599
489,0.781902
490,0.871825
491,0.83772
492,0.7977755
493,0.85224
494,0.831096
495,0.882215
496,0.838096
497,0.851196
498,0.828234
499,0.8274585
500,0.823485
501,0.797685
502,0.7971525
503,0.83258
504,0.776188
505,0.8307345
506,0.864219
507,0.826236
508,0.804996
509,0.843759
510,0.821214
511,0.8365985
512,0.8588795
513,0.80613
514,0.78864
515,0.81143
516,0.81938
517,0.66727
518,0.76248
519,0.739182
520,0.806958
521,0.8127825
522,0.830001
523,0.782391
524,0.841639
525,0.834762
526,0.810719
527,0.709247
528,0.811776
529,0.848496
530,0.81576
531,0.860112
532,0.844
533,0.7537975
534,0.80631
535,0.818958
536,0.85293
537,0.7892235
538,0.828711
539,0.80741
540,0.779532
541,0.7488375
542,0.8150505
543,0.801913
544,0.828975
545,0.8106
546,0.802725
547,0.8124505
548,0.7893725
549,0.814024
550,0.80773
551,0.805912
552,0.82268
553,0.7991
554,0.81482
555,0.819012
556,0.805388
557,0.785476
558,0.802244
559,0.758028
560,0.771639
561,0.81666
562,0.7773975
563,0.8067135
564,0.790253
565,0.79496
566,0.751551
567,0.80047
568,0.793155
569,0.773082
570,0.772863
571,0.7473095
572,0.788273
573,0.79116
574,0.78624
575,0.767821
576,0.760335
577,0.778036
578,0.75348
579,0.7628705
580,0.775032
581,0.777135
582,0.787448
583,0.794898
584,0.7918125
585,0.783618
586,0.7631975
587,0.778516
588,0.759937
589,0.654812
590,0.695097
591,0.741796
592,0.7253925
593,0.734552
594,0.730296
595,0.719793
596,0.740685
597,0.7417185
598,0.731961
599,0.7312305
600,0.7375
601,0.728271
602,0.716564
603,0.731534
604,0.743762
605,0.742765
606,0.738777
607,0.742518
608,0.740028
609,0.73455
610,0.731562
611,0.727578
612,0.7392755
613,0.728807
614,0.706873
615,0.732795
616,0.7133535
617,0.705087
618,0.731534
619,0.735027
620,0.736263
621,0.73926
622,0.7127865
623,0.7085
624,0.706
625,0.7015
626,0.7005
627,0.721
628,0.6815
629,0.7055
630,0.696
631,0.708
632,0.682
633,0.7255
634,0.714
635,0.723
636,0.7065
637,0.7305
638,0.7355
639,0.7325
640,0.717
641,0.7175
642,0.718281
643,0.725274
644,0.722277
645,0.7277715
646,0.7067925
647,0.7045
648,0.6975
649,0.676
650,0.6795
651,0.7225
652,0.6941935
653,0.7162155
654,0.7082075
655,0.67635
656,0.593685
657,0.620739
658,0.6945775
659,0.6975865
660,0.7015985
661,0.699286
662,0.693764
663,0.694768
664,0.701294
665,0.713342
666,0.71284
667,0.70782
668,0.71033
669,0.722378
670,0.71284
671,0.7106255
672,0.7005955
673,0.705909
674,0.7042035
675,0.698
676,0.705294
677,0.698101
678,0.700686
679,0.6940125
680,0.6936105
681,0.6892405
682,0.69201
683,0.683202
684,0.677382
685,0.6765
686,0.659904
687,0.47432
688,0.5487295
689,0.551028
690,0.576225
691,0.5998545
692,0.6160995
693,0.611585
694,0.603064
695,0.6145285
696,0.61181
697,0.64588
698,0.6350985
699,0.621452
700,0.616642
701,0.608313
702,0.6087935
703,0.612
704,0.62784
705,0.63408
706,0.631377
707,0.6289745
708,0.627705
709,0.63011
710,0.6341355
711,0.63383
712,0.6306275
713,0.624036
714,0.6300005
715,0.609356
716,0.616284
717,0.536895
718,0.500065
719,0.4490395
720,0.480182
721,0.529425
722,0.6062285
723,0.559416
724,0.516912
725,0.50862
726,0.530771
727,0.5332775
728,0.51168
729,0.5156475
730,0.556597
731,0.528045
732,0.569582
733,0.591422
734,0.61182
735,0.603519
736,0.598176
737,0.597786
738,0.6092055
739,0.59143
740,0.60695
741,0.60507
742,0.60507
743,0.61814
744,0.623125
745,0.62375
746,0.622253
747,0.623376
748,0.61938
749,0.618
750,0.617
751,0.6145
752,0.6171165
753,0.6141135
754,0.621621
755,0.619619
756,0.6121115
757,0.611611
758,0.615615
759,0.5980975
760,0.133133
761,0.077077
762,0.344344
763,0.19019
764,0.2697695
765,0.343343
766,0.4079075
767,0.487487
768,0.557557
769,0.564564
770,0.5810805
771,0.5850845
772,0.589
773,0.5885
774,0.5885
775,0.5885
776,0.59
777,0.5865
778,0.5855
779,0.5885
780,0.581418
781,0.5799195
782,0.582417
783,0.5799195
784,0.576423
785,0.5789205
786,0.5789205
787,0.5719275
788,0.5649345
789,0.562437
790,0.5449545
791,0.552447
792,0.5469525
793,0.5429565
794,0.5479515
795,0.5459535
796,0.536463
797,0.5455
798,0.556
799,0.5455
800,0.536
801,0.542
802,0.543
803,0.533533
804,0.539539
805,0.527527
806,0.549597
807,0.544086
808,0.542082
809,0.5290825
810,0.529584
811,0.5280795
812,0.515554
813,0.506518
814,0.453808
815,0.4497375
816,0.41808
817,0.428556
818,0.413969
819,0.4556675
820,0.434017
821,0.502992
822,0.479808
823,0.3395285
824,0.4717075
825,0.489345
826,0.47167
827,0.4979175
828,0.429675
829,0.470074
830,0.463954
831,0.468006
832,0.453258
833,0.485199
834,0.474005
835,0.5090225
836,0.493776
837,0.512572
838,0.5079915
839,0.5090085
840,0.516636
841,0.51409
842,0.507473
843,0.511545
844,0.502367
845,0.517652
846,0.5191805
847,0.505424
848,0.50592
849,0.50286
850,0.45594
851,0.49725
852,0.49419
853,0.49215
854,0.43401
855,0.46563
856,0.4957435
857,0.505424
858,0.505424
859,0.505424
860,0.502892
861,0.502383
862,0.505449
863,0.5085
864,0.4978215
865,0.489204
866,0.4308675
867,0.4643625
868,0.486213
869,0.48165
870,0.490292
871,0.482724
872,0.489302
873,0.4837635
874,0.4747
875,0.4676715
876,0.4807885
877,0.481824
878,0.479332
879,0.471311
880,0.47235
881,0.456318
882,0.467864
883,0.4658935
884,0.467433
885,0.472472
886,0.454454
887,0.4555
888,0.461
889,0.4670325
890,0.461538
891,0.462074
892,0.453591
893,0.435627
894,0.424649
895,0.406186
896,0.380737
897,0.332334
898,0.358641
899,0.2742255
900,0.3715
901,0.2997995
902,0.334668
903,0.3455335
904,0.42419
905,0.4105425
906,0.390328
907,0.3217365
908,0.328934
909,0.35552
910,0.3159375
911,0.338008
912,0.348634
913,0.318082
914,0.317382
915,0.343746
916,0.292032
917,0.37011
918,0.3003545
919,0.373934
920,0.376092
921,0.3939
922,0.3528
923,0.374735
924,0.362083
925,0.3555
926,0.350094
927,0.390352
928,0.29146
929,0.2708165
930,0.211248
931,0.1989785
932,0.1455335
933,0.119164
934,0.06876
935,0.1190995
936,0.0759115
937,0.0763655
938,0.0935655
939,0.1845375
940,0.216648
941,0.169632
942,0.183465
943,0.125239
944,0.127985
945,0.16376
946,0.0862875
947,0.1634255
948,0.120012
949,0.215631
950,0.0638715
951,0.209572
952,0.116208
953,0.148264
954,0.182532
955,0.1468005
956,0.141204
957,0.116801
958,0.199152
959,0.161942
960,0.183135
961,0.201457
962,0.194259
963,0.22321
964,0.2044845
965,0.226296
966,0.2276075
967,0.228912
968,0.29992
969,0.317961
970,0.2968625
971,0.336651
972,0.3268
973,0.289971
974,0.27715
975,0.28615
976,0.279136
977,0.3134295
978,0.3028875
979,0.315491
980,0.30008
981,0.3547175
982,0.345308
983,0.3345
984,0.369237
985,0.345032
986,0.377002
987,0.3713475
988,0.3693375
989,0.376747
990,0.368196
991,0.379262
992,0.3773775
993,0.3703425
994,0.378508
995,0.377504
996,0.3756235
997,0.37074
998,0.3698695
999,0.3698695
1000,0.3675
1001,0.371628
1002,0.363636
1003,0.366633
1004,0.360777
1005,0.340318
1006,0.355787
1007,0.363272
1008,0.3624095
1009,0.35892
1010,0.3584215
1011,0.3604155
1012,0.358781
1013,0.358282
1014,0.359779
1015,0.353292
1016,0.354789
1017,0.350797
1018,0.356643
1019,0.3441555
1020,0.3491505
1021,0.350649
1022,0.344655
1023,0.3475
1024,0.3455
1025,0.349
1026,0.348
1027,0.3465
1028,0.347
1029,0.343
1030,0.3458455
1031,0.3438435
1032,0.344344
1033,0.338338
1034,0.34034
1035,0.341341
1036,0.341341
1037,0.3378375
1038,0.336336
1039,0.338338
1040,0.336336
1041,0.336336
1042,0.336
1043,0.3325
1044,0.334
1045,0.3325
1046,0.3235
1047,0.3285
1048,0.3315
1049,0.3295
1050,0.3275
1051,0.3275
1052,0.3255
1053,0.3245
1054,0.323
1055,0.324
1056,0.323
1057,0.3225
1058,0.319
1059,0.3095
1060,0.318
1061,0.3105
1062,0.3165
1063,0.311
1064,0.316
1065,0.3145
1066,0.3085
1067,0.31
1068,0.3095
1069,0.293
1070,0.3025
1071,0.3085
1072,0.3075
1073,0.302
1074,0.311
1075,0.2965
1076,0.3075
1077,0.302
1078,0.3015
1079,0.3025
1080,0.2985
1081,0.2905
1082,0.2945
1083,0.299
1084,0.2895
1085,0.2965
1086,0.277
1087,0.2835
1088,0.2965
1089,0.2895
1090,0.278
1091,0.294
1092,0.2905
1093,0.2555
1094,0.27
1095,0.2605
1096,0.2515
1097,0.2895
1098,0.2515
1099,0.254
1100,0.243
1101,0.2485
1102,0.2345
1103,0.233
1104,0.234
1105,0.253
1106,0.199
1107,0.2415
1108,0.208
1109,0.2065
1110,0.2395
1111,0.166
1112,0.207
1113,0.1345
1114,0.15
1115,0.125
1116,0.1005
1117,0.04
1118,0.109
1119,0.0565
1120,0.071
1121,0.093
1122,0.041
1123,0.064
1124,0.0545
1125,0.072
1126,0.026
1127,0.0785
1128,0.0495
1129,0.053
1130,0.0355
1131,0.148
1132,0.117
1133,0.0765
1134,0.021
1135,0.0075
1136,0.0645
1137,0.144
1138,0.1015
1139,0.149
1140,0.128
1141,0.0965
1142,0.1125
1143,0.156
1144,0.0565
1145,0.073
1146,0.079
1147,0.0295
1148,0.1355
1149,0.1095
1150,0.061
1151,0.1015
1152,0.124
1153,0.119
1154,0.071
1155,0.1565
1156,0.1405
1157,0.1575
1158,0.156
1159,0.1685
1160,0.143
1161,0.174
1162,0.175
1163,0.2345
1164,0.201
1165,0.1945
1166,0.1875
1167,0.205
1168,0.21
1169,0.2115
1170,0.2295
1171,0.224
1172,0.2275
1173,0.228
1174,0.1685
1175,0.226
1176,0.2385
1177,0.236
1178,0.18
1179,0.242
1180,0.2205
1181,0.2275
1182,0.1615
1183,0.2195
1184,0.21
1185,0.2035
1186,0.2385
1187,0.228
1188,0.1675
1189,0.208
1190,0.231
1191,0.2235
1192,0.2365
1193,0.227
1194,0.2345
1195,0.2235
1196,0.2155
1197,0.2385
1198,0.217
1199,0.1825
1200,0.224
1201,0.2185
1202,0.2185
1203,0.217
1204,0.181
1205,0.2185
1206,0.2405
1207,0.215
1208,0.2165
1209,0.207
1210,0.2265
1211,0.211
1212,0.2125
1213,0.235
1214,0.217
1215,0.214
1216,0.233
1217,0.2275
1218,0.2295
1219,0.2235
1220,0.229
1221,0.2325
1222,0.2255
1223,0.222
1224,0.224
1225,0.231
1226,0.234
1227,0.2165
1228,0.2335
1229,0.2335
1230,0.23
1231,0.236
1232,0.233
1233,0.227
1234,0.235
1235,0.2325
1236,0.2345
1237,0.2315
1238,0.234
1239,0.2315
1240,0.2305
1241,0.231
1242,0.231
1243,0.229
1244,0.2275
1245,0.2285
1246,0.2295
1247,0.2285
1248,0.2295
1249,0.23
1250,0.2285
1251,0.2265
1252,0.2255
1253,0.224
1254,0.222
1255,0.2255
1256,0.22
1257,0.2175
1258,0.2225
1259,0.2135
1260,0.2155
1261,0.2055
1262,0.198
1263,0.2
1264,0.1855
1265,0.198
1266,0.1925
1267,0.194
1268,0.1855
1269,0.1235
1270,0.1935
1271,0.204
1272,0.2045
1273,0.203
1274,0.203
1275,0.206
1276,0.2085
1277,0.21
1278,0.214
1279,0.2125
1280,0.211
1281,0.2065
1282,0.1865
1283,0.2035
1284,0.2105
1285,0.212
1286,0.2135
1287,0.211
1288,0.21
1289,0.2045
1290,0.2065
1291,0.209
1292,0.198
1293,0.2065
1294,0.202
1295,0.2025
1296,0.195
1297,0.1855
1298,0.196
1299,0.2045
1300,0.1765
1301,0.181
1302,0.196
1303,0.173
1304,0.1505
1305,0.192
1306,0.1925
1307,0.153
1308,0.1735
1309,0.192
1310,0.1505
1311,0.167
1312,0.1665
1313,0.157
1314,0.144
1315,0.143
1316,0.162
1317,0.156
1318,0.1665
1319,0.1345
1320,0.1295
1321,0.1495
1322,0.151
1323,0.1165
1324,0.131
1325,0.161
1326,0.1405
1327,0.133
1328,0.117
1329,0.089
1330,0.1145
1331,0.0725
1332,0.073
1333,0.1015
1334,0.0845
1335,0.1155
1336,0.0915
1337,0.0825
1338,0.089
1339,0.0885
1340,0.084
1341,0.085
1342,0.089
1343,0.0635
1344,0.038
1345,0.0545
1346,0.029
1347,0.03
1348,0.0025
1349,0.008
1350,0.008
1351,0.0025
1352,0.001
1353,0
1354,0
1355,0
1356,0
1357,0
1358,0
1359,0
1360,0
1361,0
1362,0
1363,0
1364,0
1365,0
1366,0
1367,0
1368,0
1369,0
1370,0
1371,0
1372,0
1373,0
1374,0
1375,0
1376,0
1377,0
1378,0.0005
1379,0
1380,0
1381,0
1382,0
1383,0
1384,0
1385,0
1386,0
1387,0
1388,0
1389,0.0005
1390,0
1391,0
1392,0
1393,0
1394,0
1395,0
1396,0
1397,0
1398,0.0005
1399,0.0005
1400,0
1401,0
1402,0.001
1403,0.001
1404,0.0005
1405,0
1406,0.001
1407,0
1408,0.001
1409,0.0005
1410,0
1411,0.001
1412,0.0015
1413,0.0115
1414,0
1415,0
1416,0.018
1417,0.006
1418,0.007
1419,0.001
1420,0.004
1421,0.0045
1422,0.023
1423,0.0045
1424,0.0085
1425,0.013
1426,0.014
1427,0.025
1428,0.0025
1429,0.019
1430,0.031
1431,0.025
1432,0.0015
1433,0.018
1434,0.0105
1435,0.0105
1436,0.019
1437,0.015
1438,0.0065
1439,0.0255
1440,0.02
1441,0.016
1442,0.018
1443,0.0225
1444,0.031
1445,0.025
1446,0.0115
1447,0.018
1448,0.058
1449,0.051
1450,0.0135
1451,0.0055
1452,0.031
1453,0.041
1454,0.069
1455,0.033
1456,0.0445
1457,0.0585
1458,0.068
1459,0.0815
1460,0.0425
1461,0.045
1462,0.0655
1463,0.0215
1464,0.076
1465,0.0465
1466,0.0325
1467,0.018
1468,0.0385
1469,0.0475
1470,0.025
1471,0.009
1472,0.0235
1473,0.035
1474,0.0485
1475,0.0925
1476,0.0345
1477,0.035
1478,0.0315
1479,0.06
1480,0.0305
1481,0.0575
1482,0.029
1483,0.0745
1484,0.0685
1485,0.0625
1486,0.0615
1487,0.0305
1488,0.047
1489,0.095
1490,0.0875
1491,0.099
1492,0.082
1493,0.091
1494,0.102
1495,0.0915
1496,0.0845
1497,0.1145
1498,0.095
1499,0.109
1500,0.1255
1501,0.133
1502,0.117
1503,0.0925
1504,0.08
1505,0.092
1506,0.129
1507,0.1275
1508,0.1215
1509,0.0935
1510,0.1355
1511,0.1325
1512,0.1305
1513,0.121
1514,0.113
1515,0.133
1516,0.1285
1517,0.1245
1518,0.126
1519,0.122
1520,0.1325
1521,0.1375
1522,0.132
1523,0.14
1524,0.1375
1525,0.1295
1526,0.1335
1527,0.131
1528,0.1395
1529,0.136
1530,0.1275
1531,0.135
1532,0.139
1533,0.1385
1534,0.1345
1535,0.1335
1536,0.1375
1537,0.1365
1538,0.136
1539,0.1365
1540,0.1325
1541,0.1345
1542,0.1345
1543,0.136
1544,0.136
1545,0.1385
1546,0.1375
1547,0.1365
1548,0.1335
1549,0.1365
1550,0.135
1551,0.1355
1552,0.136
1553,0.1355
1554,0.1325
1555,0.134
1556,0.1315
1557,0.1355
1558,0.134
1559,0.134
1560,0.133
1561,0.135
1562,0.134
1563,0.1335
1564,0.1315
1565,0.1335
1566,0.131
1567,0.1315
1568,0.1285
1569,0.1275
1570,0.121
1571,0.1175
1572,0.119
1573,0.117
1574,0.1205
1575,0.12
1576,0.1235
1577,0.108
1578,0.1175
1579,0.1185
1580,0.1225
1581,0.1245
1582,0.121
1583,0.124
1584,0.1245
1585,0.1295
1586,0.128
1587,0.1265
1588,0.1255
1589,0.116
1590,0.121
1591,0.121
1592,0.126
1593,0.129
1594,0.128
1595,0.129
1596,0.1225
1597,0.1235
1598,0.127
1599,0.121
1600,0.119
1601,0.1115
1602,0.112
1603,0.112
1604,0.114
1605,0.1185
1606,0.1205
1607,0.1165
1608,0.115
1609,0.1135
1610,0.109
1611,0.1135
1612,0.1155
1613,0.1185
1614,0.119
1615,0.1205
1616,0.1155
1617,0.1175
1618,0.122
1619,0.1205
1620,0.117
1621,0.117
1622,0.119
1623,0.121
1624,0.1215
1625,0.119
1626,0.12
1627,0.1205
1628,0.1205
1629,0.1205
1630,0.1185
1631,0.119
1632,0.119
1633,0.1165
1634,0.1165
1635,0.117
1636,0.1175
1637,0.1135
1638,0.11
1639,0.11
1640,0.1075
1641,0.11
1642,0.1105
1643,0.1075
1644,0.112
1645,0.109
1646,0.1085
1647,0.114
1648,0.1085
1649,0.1095
1650,0.1125
1651,0.1045
1652,0.112
1653,0.1115
1654,0.108
1655,0.111
1656,0.1105
1657,0.111
1658,0.1125
1659,0.1105
1660,0.1115
1661,0.112
1662,0.1095
1663,0.111
1664,0.1105
1665,0.106
1666,0.0895
1667,0.1055
1668,0.1075
1669,0.1075
1670,0.111
1671,0.1095
1672,0.1055
1673,0.108
1674,0.108
1675,0.107
1676,0.1055
1677,0.106
1678,0.1045
1679,0.1065
1680,0.103
1681,0.097
1682,0.102
1683,0.1045
1684,0.099
1685,0.1065
1686,0.105
1687,0.1025
1688,0.105
1689,0.1035
1690,0.1025
1691,0.0965
1692,0.1035
1693,0.1055
1694,0.1025
1695,0.105
1696,0.1045
1697,0.0905
1698,0.1035
1699,0.103
1700,0.1
1701,0.1005
1702,0.102
1703,0.102
1704,0.1005
1705,0.099
1706,0.0975
1707,0.096
1708,0.095
1709,0.0945
1710,0.094
1711,0.094
1712,0.094
1713,0.0945
1714,0.0945
1715,0.095
1716,0.095
1717,0.095
1718,0.0945
1719,0.094
1720,0.0935
1721,0.0925
1722,0.0915
1723,0.0905
1724,0.0895
1725,0.089
1726,0.0885
1727,0.0885
1728,0.0885
1729,0.088
1730,0.087
1731,0.0855
1732,0.084
1733,0.0825
1734,0.0815
1735,0.081
1736,0.081
1737,0.082
1738,0.083
1739,0.084
1740,0.084
1741,0.083
1742,0.0815
1743,0.0795
1744,0.078
1745,0.0775
1746,0.078
1747,0.0795
1748,0.081
1749,0.0825
1750,0.083
1751,0.082
1752,0.0805
1753,0.0785
1754,0.077
1755,0.0765
1756,0.077
1757,0.0785
1758,0.0795
1759,0.0805
1760,0.08
1761,0.078
1762,0.0745
1763,0.0715
1764,0.068
1765,0.0665
1766,0.0665
1767,0.0675
1768,0.069
1769,0.0705
1770,0.071
1771,0.0695
1772,0.067
1773,0.0635
1774,0.0605
1775,0.0575
1776,0.0555
1777,0.054
1778,0.053
1779,0.052
1780,0.0505
1781,0.0475
1782,0.0445
1783,0.0415
1784,0.0395
1785,0.0385
1786,0.0395
1787,0.0415
1788,0.0435
1789,0.0445
1790,0.0445
1791,0.042
1792,0.038
1793,0.033
1794,0.028
1795,0.0235
1796,0.0205
1797,0.0185
1798,0.0175
1799,0.017
1800,0.016
1801,0.0145
1802,0.0125
1803,0.0105
1804,0.009
1805,0.0075
1806,0.0065
1807,0.006
1808,0.0055
1809,0.005
1810,0.005
1811,0.0045
1812,0.0035
1813,0.003
1814,0.0025
1815,0.0015
1816,0.001
1817,0.001
1818,0.0005
1819,0.0005
1820,0.0005
1821,0.0005
1822,0.0005
1823,0.0005
1824,0.0005
1825,0.0005
1826,0.0005
1827,0.0005
1828,0.0005
1829,0
1830,0
1831,0
1832,0
1833,0
1834,0
1835,0
1836,0
1837,0
1838,0
1839,0
1840,0
1841,0
1842,0
1843,0
1844,0
1845,0
1846,0
1847,0
1848,0
1849,0
1850,0
1851,0
1852,0
1853,0
1854,0
1855,0
1856,0
1857,0
1858,0
1859,0
1860,0
1861,0
1862,0
1863,0
1864,0
1865,0
1866,0
1867,0
1868,0
1869,0
1870,0
1871,0
1872,0
1873,0
1874,0
1875,0
1876,0
1877,0
1878,0
1879,0
1880,0
1881,0
1882,0
1883,0
1884,0
1885,0
1886,0
1887,0
1888,0
1889,0
1890,0
1891,0
1892,0
1893,0
1894,0
1895,0
1896,0
1897,0
1898,0
1899,0
1900,0
1901,0
1902,0
1903,0
1904,0
1905,0
1906,0
1907,0
1908,0
1909,0
1910,0
1911,0
1912,0
1913,0
1914,0
1915,0
1916,0
1917,0
1918,0
1919,0
1920,0
1921,0.0005
1922,0.0005
1923,0.0005
1924,0.0005
1925,0.0005
1926,0.0005
1927,0.0005
1928,0
1929,0
1930,0.0005
1931,0.0005
1932,0.001
1933,0.0015
1934,0.0015
1935,0.002
1936,0.002
1937,0.0015
1938,0.0015
1939,0.0015
1940,0.0015
1941,0.002
1942,0.0025
1943,0.0035
1944,0.0045
1945,0.0055
1946,0.0065
1947,0.0075
1948,0.008
1949,0.0085
1950,0.0085
1951,0.0075
1952,0.007
1953,0.006
1954,0.005
1955,0.005
1956,0.0055
1957,0.007
1958,0.008
1959,0.0095
1960,0.011
1961,0.012
1962,0.0125
1963,0.013
1964,0.0135
1965,0.0145
1966,0.0155
1967,0.0175
1968,0.0195
1969,0.022
1970,0.0245
1971,0.0265
1972,0.029
1973,0.031
1974,0.0325
1975,0.034
1976,0.035
1977,0.036
1978,0.0365
1979,0.037
1980,0.038
1981,0.0385
1982,0.0395
1983,0.04
1984,0.041
1985,0.0415
1986,0.042
1987,0.042
1988,0.0425
1989,0.0425
1990,0.043
1991,0.043
1992,0.0435
1993,0.0435
1994,0.0425
1995,0.0405
1996,0.0375
1997,0.0335
1998,0.029
1999,0.024
2000,0.019
2001,0.0145
2002,0.011
2003,0.0085
2004,0.0075
2005,0.0075
2006,0.0095
2007,0.0125
2008,0.0155
2009,0.0185
2010,0.02
2011,0.02
2012,0.0185
2013,0.0165
2014,0.0145
2015,0.0135
2016,0.0135
2017,0.0145
2018,0.0165
2019,0.0195
2020,0.0225
2021,0.026
2022,0.029
2023,0.032
2024,0.035
2025,0.037
2026,0.0385
2027,0.0395
2028,0.0405
2029,0.0415
2030,0.0425
2031,0.044
2032,0.045
2033,0.0465
2034,0.0475
2035,0.048
2036,0.048
2037,0.047
2038,0.0465
2039,0.0455
2040,0.045
2041,0.045
2042,0.0455
2043,0.046
2044,0.046
2045,0.0455
2046,0.044
2047,0.042
2048,0.0395
2049,0.0365
2050,0.034
2051,0.0315
2052,0.0295
2053,0.028
2054,0.0275
2055,0.0275
2056,0.0285
2057,0.03
2058,0.032
2059,0.0335
2060,0.0345
2061,0.0345
2062,0.034
2063,0.033
2064,0.032
2065,0.031
2066,0.0305
2067,0.0305
2068,0.031
2069,0.032
2070,0.033
2071,0.034
2072,0.035
2073,0.036
2074,0.0375
2075,0.0385
2076,0.04
2077,0.041
2078,0.042
2079,0.043
2080,0.0435
2081,0.0435
2082,0.0435
2083,0.043
2084,0.0425
2085,0.0425
2086,0.0425
2087,0.043
2088,0.0435
2089,0.044
2090,0.0445
2091,0.045
2092,0.045
2093,0.0455
2094,0.045
2095,0.045
2096,0.0445
2097,0.044
2098,0.0435
2099,0.043
2100,0.043
2101,0.0435
2102,0.0445
2103,0.0455
2104,0.046
2105,0.0465
2106,0.0465
2107,0.046
2108,0.0455
2109,0.045
2110,0.045
2111,0.045
2112,0.045
2113,0.0455
2114,0.0455
2115,0.046
2116,0.0455
2117,0.045
2118,0.0445
2119,0.044
2120,0.044
2121,0.0435
2122,0.0435
2123,0.044
2124,0.044
2125,0.0445
2126,0.0445
2127,0.0445
2128,0.045
2129,0.045
2130,0.045
2131,0.045
2132,0.045
2133,0.045
2134,0.045
2135,0.045
2136,0.045
2137,0.045
2138,0.0455
2139,0.0455
2140,0.0455
2141,0.0455
2142,0.0455
2143,0.0455
2144,0.045
2145,0.0445
2146,0.0445
2147,0.044
2148,0.043
2149,0.0425
2150,0.0425
2151,0.042
2152,0.042
2153,0.042
2154,0.042
2155,0.0425
2156,0.0425
2157,0.043
2158,0.043
2159,0.0425
2160,0.042
2161,0.0415
2162,0.0405
2163,0.0395
2164,0.0385
2165,0.038
2166,0.0385
2167,0.039
2168,0.0395
2169,0.0405
2170,0.041
2171,0.041
2172,0.041
2173,0.0405
2174,0.0405
2175,0.04
2176,0.0405
2177,0.0405
2178,0.041
2179,0.041
2180,0.041
2181,0.0405
2182,0.0395
2183,0.0385
2184,0.038
2185,0.0375
2186,0.0375
2187,0.0375
2188,0.038
2189,0.039
2190,0.0395
2191,0.04
2192,0.04
2193,0.04
2194,0.04
2195,0.0395
2196,0.0385
2197,0.038
2198,0.037
2199,0.036
2200,0.0355
2201,0.0355
2202,0.0355
2203,0.036
2204,0.0365
2205,0.037
2206,0.0375
2207,0.0385
2208,0.039
2209,0.0395
2210,0.0395
2211,0.0395
2212,0.039
2213,0.039
2214,0.0385
2215,0.038
2216,0.038
2217,0.0385
2218,0.0385
2219,0.039
2220,0.039
2221,0.039
2222,0.0385
2223,0.038
2224,0.038
2225,0.0375
2226,0.0375
2227,0.0375
2228,0.038
2229,0.038
2230,0.038
2231,0.038
2232,0.0375
2233,0.0375
2234,0.0375
2235,0.037
2236,0.037
2237,0.037
2238,0.037
2239,0.0365
2240,0.0365
2241,0.0365
2242,0.036
2243,0.0355
2244,0.0355
2245,0.0355
2246,0.0355
2247,0.0355
2248,0.036
2249,0.036
2250,0.036
2251,0.0355
2252,0.0355
2253,0.035
2254,0.0345
2255,0.034
2256,0.0335
2257,0.0335
2258,0.0335
2259,0.0335
2260,0.0335
2261,0.0335
2262,0.034
2263,0.034
2264,0.034
2265,0.034
2266,0.034
2267,0.0335
2268,0.033
2269,0.033
2270,0.0325
2271,0.032
2272,0.032
2273,0.032
2274,0.032
2275,0.032
2276,0.0325
2277,0.0325
2278,0.033
2279,0.033
2280,0.033
2281,0.033
2282,0.0325
2283,0.032
2284,0.032
2285,0.0315
2286,0.0315
2287,0.0315
2288,0.0315
2289,0.0315
2290,0.0315
2291,0.0315
2292,0.0315
2293,0.031
2294,0.031
2295,0.0305
2296,0.0305
2297,0.03
2298,0.03
2299,0.0295
2300,0.0295
2301,0.029
2302,0.029
2303,0.029
2304,0.0295
2305,0.0295
2306,0.03
2307,0.0305
2308,0.0315
2309,0.0315
2310,0.032
2311,0.032
2312,0.0315
2313,0.0305
2314,0.03
2315,0.029
2316,0.028
2317,0.0275
2318,0.0265
2319,0.026
2320,0.026
2321,0.026
2322,0.0265
2323,0.027
2324,0.0275
2325,0.028
2326,0.0285
2327,0.0285
2328,0.0285
2329,0.0285
2330,0.0285
2331,0.029
2332,0.029
2333,0.0295
2334,0.0295
2335,0.029
2336,0.028
2337,0.0265
2338,0.025
2339,0.0235
2340,0.023
2341,0.023
2342,0.024
2343,0.0245
2344,0.0255
2345,0.0255
2346,0.025
2347,0.024
2348,0.0225
2349,0.0215
2350,0.021
2351,0.0205
2352,0.021
2353,0.022
2354,0.023
2355,0.0235
2356,0.0245
2357,0.0245
2358,0.0245
2359,0.025
2360,0.025
2361,0.0255
2362,0.026
2363,0.026
2364,0.0255
2365,0.0245
2366,0.023
2367,0.0205
2368,0.018
2369,0.0165
2370,0.0155
2371,0.0155
2372,0.017
2373,0.0185
2374,0.0205
2375,0.022
2376,0.023
2377,0.0235
2378,0.023
2379,0.0225
2380,0.0215
2381,0.02
2382,0.0185
2383,0.017
2384,0.016
2385,0.0155
2386,0.0155
2387,0.016
2388,0.017
2389,0.018
2390,0.0185
2391,0.019
2392,0.0195
2393,0.0195
2394,0.02
2395,0.0205
2396,0.021
2397,0.0215
2398,0.022
2399,0.0225
2400,0.022
2401,0.0215
2402,0.02
2403,0.019
2404,0.0175
2405,0.017
2406,0.0165
2407,0.0165
2408,0.0165
2409,0.017
2410,0.017
2411,0.0165
2412,0.016
2413,0.015
2414,0.0145
2415,0.0135
2416,0.0135
2417,0.013
2418,0.013
2419,0.013
2420,0.0135
2421,0.0135
2422,0.0135
2423,0.014
2424,0.015
2425,0.0165
2426,0.0185
2427,0.021
2428,0.0225
2429,0.0235
2430,0.0225
2431,0.02
2432,0.016
2433,0.012
2434,0.0085
2435,0.0075
2436,0.009
2437,0.012
2438,0.016
2439,0.0195
2440,0.0215
2441,0.0215
2442,0.0195
2443,0.017
2444,0.0135
2445,0.0105
2446,0.008
2447,0.007
2448,0.0065
2449,0.0065
2450,0.007
2451,0.0075
2452,0.0085
2453,0.01
2454,0.011
2455,0.0125
2456,0.0135
2457,0.015
2458,0.016
2459,0.0165
2460,0.0165
2461,0.0165
2462,0.0155
2463,0.0145
2464,0.0135
2465,0.012
2466,0.011
2467,0.01
2468,0.009
2469,0.0085
2470,0.0085
2471,0.0085
2472,0.0085
2473,0.0085
2474,0.0085
2475,0.008
2476,0.0075
2477,0.007
2478,0.006
2479,0.005
2480,0.004
2481,0.0035
2482,0.003
2483,0.003
2484,0.003
2485,0.003
2486,0.0025
2487,0.0025
2488,0.0025
2489,0.002
2490,0.002
2491,0.0015
2492,0.0015
2493,0.001
2494,0.001
2495,0.0015
2496,0.002
2497,0.0025
2498,0.003
2499,0.0035
2500,0.0035
2501,0.003
2502,0.0025
2503,0.002
2504,0.0015
2505,0.001
2506,0.0005
2507,0.0005
2508,0.001
2509,0.001
2510,0.001
2511,0.001
2512,0.001
2513,0.0005
2514,0.0005
2515,0.0005
2516,0
2517,0
2518,0
2519,0
2520,0
2521,0
2522,0
2523,0
2524,0
2525,0
2526,0
2527,0
2528,0
2529,0
2530,0
2531,0
2532,0
2533,0
2534,0
2535,0
2536,0
2537,0
2538,0
2539,0
2540,0
2541,0
2542,0
2543,0
2544,0
2545,0
2546,0
2547,0
2548,0
2549,0
2550,0
2551,0
2552,0
2553,0
2554,0
2555,0
2556,0
2557,0
2558,0
2559,0
2560,0
2561,0
2562,0
2563,0
2564,0
2565,0
2566,0
2567,0
2568,0
2569,0
2570,0
2571,0
2572,0
2573,0
2574,0
2575,0
2576,0
2577,0
2578,0
2579,0
2580,0
2581,0
2582,0
2583,0
2584,0
2585,0
2586,0
2587,0
2588,0
2589,0
2590,0
2591,0
2592,0
2593,0
2594,0
2595,0
2596,0
2597,0
2598,0
2599,0
2600,0
2601,0
2602,0
2603,0
2604,0
2605,0
2606,0
2607,0
2608,0
2609,0
2610,0
2611,0
2612,0
2613,0
2614,0
2615,0
2616,0
2617,0
2618,0
2619,0
2620,0
2621,0
2622,0
2623,0
2624,0
2625,0
2626,0
2627,0
2628,0
2629,0
2630,0
2631,0
2632,0
2633,0
2634,0
2635,0
2636,0
2637,0
2638,0
2639,0
2640,0
2641,0
2642,0
2643,0
2644,0
2645,0
2646,0
2647,0
2648,0
2649,0
2650,0
2651,0
2652,0
2653,0
2654,0
2655,0
2656,0
2657,0
2658,0
2659,0
2660,0
2661,0
2662,0
2663,0
2664,0
2665,0
2666,0
2667,0
2668,0
2669,0
2670,0
2671,0
2672,0
2673,0
2674,0
2675,0
2676,0
2677,0
2678,0
2679,0
2680,0
2681,0
2682,0
2683,0
2684,0
2685,0
2686,0
2687,0
2688,0
2689,0
2690,0
2691,0
2692,0
2693,0
2694,0
2695,0
2696,0
2697,0
2698,0
2699,0
2700,0
2701,0
2702,0
2703,0
2704,0
2705,0
2706,0
2707,0
2708,0
2709,0
2710,0
2711,0
2712,0
2713,0
2714,0
2715,0
2716,0
2717,0
2718,0
2719,0
2720,0
2721,0
2722,0
2723,0
2724,0
2725,0
2726,0
2727,0
2728,0
2729,0
2730,0
2731,0
2732,0
2733,0
2734,0
2735,0
2736,0
2737,0
2738,0
2739,0
2740,0
2741,0
2742,0
2743,0
2744,0
2745,0
2746,0
2747,0
2748,0
2749,0
2750,0
2751,0
2752,0
2753,0
2754,0
2755,0
2756,0
2757,0
2758,0
2759,0
2760,0
2761,0
2762,0
2763,0
2764,0
2765,0
2766,0
2767,0
2768,0
2769,0
2770,0
2771,0
2772,0
2773,0
2774,0
2775,0
2776,0
2777,0
2778,0
2779,0
2780,0
2781,0
2782,0
2783,0
2784,0
2785,0
2786,0
2787,0
2788,0
2789,0
2790,0
2791,0
2792,0
2793,0
2794,0
2795,0
2796,0
2797,0
2798,0
2799,0
2800,0
2801,0
2802,0
2803,0
2804,0
2805,0
2806,0
2807,0
2808,0
2809,0
2810,0
2811,0
2812,0
2813,0
2814,0
2815,0
2816,0
2817,0
2818,0
2819,0
2820,0
2821,0
2822,0
2823,0
2824,0
2825,0
2826,0
2827,0
2828,0
2829,0
2830,0
2831,0
2832,0
2833,0
2834,0
2835,0
2836,0
2837,0
2838,0
2839,0
2840,0
2841,0
2842,0
2843,0
2844,0
2845,0
2846,0
2847,0
2848,0
2849,0
2850,0
2851,0
2852,0
2853,0
2854,0
2855,0
2856,0
2857,0
2858,0
2859,0
2860,0
2861,0
2862,0
2863,0
2864,0
2865,0
2866,0
2867,0
2868,0
2869,0
2870,0
2871,0
2872,0
2873,0
2874,0
2875,0
2876,0
2877,0
2878,0
2879,0
2880,0
2881,0
2882,0
2883,0
2884,0
2885,0
2886,0
2887,0
2888,0
2889,0
2890,0
2891,0.0005
2892,0.0005
2893,0.001
2894,0.001
2895,0.0015
2896,0.0015
2897,0.001
2898,0.001
2899,0.0005
2900,0.0005
2901,0
2902,0
2903,0
2904,0
2905,0
2906,0.0005
2907,0.0005
2908,0.001
2909,0.001
2910,0.0015
2911,0.0015
2912,0.001
2913,0.001
2914,0.0005
2915,0.0005
2916,0.0005
2917,0.001
2918,0.001
2919,0.0015
2920,0.0015
2921,0.0015
2922,0.001
2923,0.001
2924,0.0005
2925,0.0005
2926,0.001
2927,0.0015
2928,0.002
2929,0.0025
2930,0.003
2931,0.0035
2932,0.0035
2933,0.0035
2934,0.0035
2935,0.003
2936,0.003
2937,0.0025
2938,0.002
2939,0.0015
2940,0.001
2941,0.0005
2942,0.0005
2943,0.0005
2944,0.0005
2945,0.0005
2946,0.001
2947,0.0015
2948,0.002
2949,0.0025
2950,0.0025
2951,0.0025
2952,0.002
2953,0.002
2954,0.0015
2955,0.001
2956,0.001
2957,0.001
2958,0.0015
2959,0.002
2960,0.0025
2961,0.003
2962,0.0035
2963,0.0035
2964,0.004
2965,0.0035
2966,0.003
2967,0.0025
2968,0.0015
2969,0.001
2970,0
2971,0
2972,0
2973,0
2974,0.0005
2975,0.0005
2976,0.0005
2977,0.0005
2978,0.0005
2979,0.0005
2980,0.0005
2981,0.001
2982,0.0015
2983,0.002
2984,0.003
2985,0.0035
2986,0.004
2987,0.0045
2988,0.005
2989,0.0055
2990,0.005
2991,0.0045
2992,0.004
2993,0.003
2994,0.0025
2995,0.002
2996,0.0025
2997,0.0025
2998,0.0035
2999,0.004
3000,0.004
3001,0.0035
3002,0.003
3003,0.0025
3004,0.002
3005,0.0015
3006,0.0015
3007,0.002
3008,0.0025
3009,0.003
3010,0.0035
3011,0.0035
3012,0.004
3013,0.0035
3014,0.0035
3015,0.003
3016,0.002
3017,0.0015
3018,0.001
3019,0.0005
3020,0.0005
3021,0.0005
3022,0.0015
3023,0.0025
3024,0.003
3025,0.004
3026,0.004
3027,0.004
3028,0.004
3029,0.0035
3030,0.003
3031,0.0025
3032,0.002
3033,0.002
3034,0.0015
3035,0.001
3036,0.001
3037,0.001
3038,0.001
3039,0.001
3040,0.001
3041,0.0015
3042,0.0015
3043,0.002
3044,0.002
3045,0.002
3046,0.002
3047,0.0015
3048,0.0015
3049,0.001
3050,0.0005
3051,0
3052,0
3053,0
3054,0
3055,0
3056,0.0005
3057,0.0015
3058,0.002
3059,0.003
3060,0.003
3061,0.003
3062,0.003
3063,0.0025
3064,0.002
3065,0.0015
3066,0.001
3067,0.001
3068,0.0005
3069,0.0005
3070,0.001
3071,0.0015
3072,0.002
3073,0.0025
3074,0.0025
3075,0.003
3076,0.003
3077,0.003
3078,0.0025
3079,0.002
3080,0.002
3081,0.0015
3082,0.001
3083,0.001
3084,0.001
3085,0.001
3086,0.001
3087,0.001
3088,0.001
3089,0.001
3090,0.001
3091,0.001
3092,0.0005
3093,0.0005
3094,0.0005
3095,0.0005
3096,0.0005
3097,0.001
3098,0.0015
3099,0.002
3100,0.002
3101,0.002
3102,0.002
3103,0.0015
3104,0.001
3105,0.0005
3106,0.0005
3107,0
3108,0.0005
3109,0.0005
3110,0.0005
3111,0.0005
3112,0.0005
3113,0.0005
3114,0.0005
3115,0.001
3116,0.002
3117,0.003
3118,0.004
3119,0.0045
3120,0.005
3121,0.0045
3122,0.004
3123,0.003
3124,0.002
3125,0.0015
3126,0.001
3127,0.001
3128,0.0015
3129,0.002
3130,0.003
3131,0.0035
3132,0.0045
3133,0.0055
3134,0.0055
3135,0.0055
3136,0.0055
3137,0.0045
3138,0.0035
3139,0.0025
3140,0.0015
3141,0.001
3142,0.001
3143,0.001
3144,0.0015
3145,0.0015
3146,0.002
3147,0.0025
3148,0.003
3149,0.003
3150,0.0035
3151,0.0035
3152,0.003
3153,0.003
3154,0.003
3155,0.003
3156,0.003
3157,0.003
3158,0.0035
3159,0.004
3160,0.0045
3161,0.005
3162,0.006
3163,0.0065
3164,0.0065
3165,0.007
3166,0.007
3167,0.007
3168,0.007
3169,0.0065
3170,0.0065
3171,0.006
3172,0.0055
3173,0.005
3174,0.005
3175,0.0045
3176,0.0045
3177,0.005
3178,0.005
3179,0.005
3180,0.0055
3181,0.0055
3182,0.005
3183,0.005
3184,0.0045
3185,0.004
3186,0.0035
3187,0.003
3188,0.003
3189,0.0025
3190,0.002
3191,0.002
3192,0.002
3193,0.0015
3194,0.0015
3195,0.0015
3196,0.001
3197,0.001
3198,0.0005
3199,0.0005
3200,0
3201,0
3202,0
3203,0
3204,0
3205,0
3206,0
3207,0
3208,0
3209,0
3210,0
3211,0
3212,0
3213,0
3214,0
3215,0
3216,0.0005
3217,0.0005
3218,0.0005
3219,0.001
3220,0.001
3221,0.001
3222,0.0005
3223,0.0005
3224,0.0005
3225,0
3226,0
3227,-0.0005
3228,-0.0005
3229,0
3230,0
3231,0.001
3232,0.0015
3233,0.0025
3234,0.003
3235,0.0035
3236,0.0035
3237,0.0035
3238,0.003
3239,0.0025
3240,0.002
3241,0.0015
3242,0.001
3243,0.001
3244,0.0005
3245,0.0005
3246,0
3247,0
3248,0.0005
3249,0.0005
3250,0.0015
3251,0.002
3252,0.003
3253,0.004
3254,0.005
3255,0.005
3256,0.0045
3257,0.0035
3258,0.0025
3259,0.0015
3260,0.0005
3261,0.0005
3262,0.0005
3263,0.0005
3264,0.001
3265,0.001
3266,0.001
3267,0.001
3268,0.0005
3269,0.0005
3270,0.0005
3271,0.001
3272,0.0015
3273,0.002
3274,0.003
3275,0.003
3276,0.003
3277,0.0025
3278,0.002
3279,0.0015
3280,0.0015
3281,0.002
3282,0.003
3283,0.004
3284,0.005
3285,0.0055
3286,0.006
3287,0.006
3288,0.0055
3289,0.005
3290,0.0045
3291,0.0035
3292,0.0025
3293,0.002
3294,0.001
3295,0.0005
3296,0.0005
3297,0.0005
3298,0.0005
3299,0.0005
3300,0.001
3301,0.001
3302,0.0015
3303,0.0015
3304,0.002
3305,0.002
3306,0.002
3307,0.002
3308,0.002
3309,0.002
3310,0.002
3311,0.0015
3312,0.001
3313,0.001
3314,0.0005
3315,0
3316,0
3317,-0.0005
3318,-0.0005
3319,0
3320,0
3321,0.0005
3322,0.001
3323,0.001
3324,0.0015
3325,0.002
3326,0.002
3327,0.002
3328,0.002
3329,0.002
3330,0.0025
3331,0.003
3332,0.0035
3333,0.004
3334,0.0045
3335,0.0045
3336,0.0045
3337,0.004
3338,0.003
3339,0.0025
3340,0.0015
3341,0.0015
3342,0.001
3343,0.001
3344,0.0015
3345,0.002
3346,0.0025
3347,0.003
3348,0.0035
3349,0.004
3350,0.004
3351,0.004
3352,0.0035
3353,0.003
3354,0.002
3355,0.002
3356,0.0015
3357,0.0015
3358,0.002
3359,0.002
3360,0.0025
3361,0.003
3362,0.0035
3363,0.0035
3364,0.0035
3365,0.0035
3366,0.0035
3367,0.003
3368,0.0025
3369,0.002
3370,0.002
3371,0.0025
3372,0.003
3373,0.0035
3374,0.004
3375,0.004
3376,0.004
3377,0.004
3378,0.0035
3379,0.003
3380,0.0025
3381,0.0025
3382,0.0025
3383,0.003
3384,0.0035
3385,0.0035
3386,0.004
3387,0.0045
3388,0.0045
3389,0.005
3390,0.005
3391,0.005
3392,0.0045
3393,0.0045
3394,0.0045
3395,0.005
3396,0.005
3397,0.0055
3398,0.006
3399,0.0065
3400,0.0065
3401,0.0055
3402,0.005
3403,0.0035
3404,0.003
3405,0.002
3406,0.002
3407,0.0025
3408,0.0025
3409,0.003
3410,0.0035
3411,0.0035
3412,0.0035
3413,0.0035
3414,0.0035
3415,0.0035
3416,0.004
3417,0.005
3418,0.0055
3419,0.006
3420,0.0065
3421,0.0065
3422,0.0065
3423,0.006
3424,0.0055
3425,0.005
3426,0.0045
3427,0.0045
3428,0.004
3429,0.004
3430,0.0045
3431,0.0045
3432,0.005
3433,0.0055
3434,0.0055
3435,0.006
3436,0.0055
3437,0.005
3438,0.0045
3439,0.004
3440,0.004
3441,0.004
3442,0.0045
3443,0.005
3444,0.0055
3445,0.0055
3446,0.006
3447,0.006
3448,0.006
3449,0.006
3450,0.0055
3451,0.005
3452,0.0045
3453,0.0045
3454,0.004
3455,0.004
3456,0.0045
3457,0.005
3458,0.0055
3459,0.006
3460,0.0065
3461,0.006
3462,0.006
3463,0.0055
3464,0.005
3465,0.005
3466,0.005
3467,0.005
3468,0.0055
3469,0.006
3470,0.006
3471,0.006
3472,0.006
3473,0.006
3474,0.0055
3475,0.0055
3476,0.0055
3477,0.0055
3478,0.0055
3479,0.0055
3480,0.0055
3481,0.006
3482,0.006
3483,0.006
3484,0.006
3485,0.006
3486,0.006
3487,0.0055
3488,0.0055
3489,0.0055
3490,0.005
3491,0.0055
3492,0.0055
3493,0.0055
3494,0.006
3495,0.006
3496,0.006
3497,0.006
3498,0.006
3499,0.006
3500,0.006
3501,0.006
3502,0.006
3503,0.006
3504,0.006
3505,0.006
3506,0.006
3507,0.006
3508,0.006
3509,0.006
3510,0.006
3511,0.006
3512,0.006
3513,0.006
3514,0.006
3515,0.0055
3516,0.006
3517,0.006
3518,0.006
3519,0.006
3520,0.006
3521,0.006
3522,0.006
3523,0.006
3524,0.006
3525,0.0055
3526,0.0055
3527,0.0055
3528,0.0055
3529,0.0055
3530,0.0055
3531,0.0055
3532,0.0055
3533,0.005
3534,0.005
3535,0.0045
3536,0.0045
3537,0.0045
3538,0.0045
3539,0.0045
3540,0.0045
3541,0.0045
3542,0.0045
3543,0.0045
3544,0.0045
3545,0.005
3546,0.005
3547,0.005
3548,0.005
3549,0.0055
3550,0.0055
3551,0.005
3552,0.005
3553,0.005
3554,0.0045
3555,0.0045
3556,0.0045
3557,0.0045
3558,0.005
3559,0.005
3560,0.0055
3561,0.0055
3562,0.0055
3563,0.0055
3564,0.0055
3565,0.0055
3566,0.005
3567,0.005
3568,0.0045
3569,0.0045
3570,0.004
3571,0.004
3572,0.004
3573,0.004
3574,0.004
3575,0.0045
3576,0.0045
3577,0.0045
3578,0.005
3579,0.005
3580,0.005
3581,0.005
3582,0.005
3583,0.005
3584,0.0045
3585,0.0045
3586,0.0045
3587,0.0045
3588,0.0045
3589,0.0045
3590,0.0045
3591,0.005
3592,0.005
3593,0.005
3594,0.005
3595,0.005
3596,0.005
3597,0.005
3598,0.005
3599,0.005
3600,0.005
3601,0.005
3602,0.005
3603,0.005
3604,0.005
3605,0.005
3606,0.005
3607,0.005
3608,0.005
3609,0.005
3610,0.0045
3611,0.0045
3612,0.0045
3613,0.0045
3614,0.0045
3615,0.0045
3616,0.005
3617,0.005
3618,0.0055
3619,0.0055
3620,0.006
3621,0.006
3622,0.0055
3623,0.0055
3624,0.0055
3625,0.005
3626,0.005
3627,0.005
3628,0.005
3629,0.005
3630,0.005
3631,0.005
3632,0.005
3633,0.005
3634,0.005
3635,0.005
3636,0.0055
3637,0.0055
3638,0.0055
3639,0.0055
3640,0.0055
3641,0.0055
3642,0.0055
3643,0.0055
3644,0.0055
3645,0.0055
3646,0.005
3647,0.005
3648,0.005
3649,0.005
3650,0.005
3651,0.005
3652,0.005
3653,0.0055
3654,0.0055
3655,0.0055
3656,0.0055
3657,0.0055
3658,0.0055
3659,0.0055
3660,0.0055
3661,0.0055
3662,0.0055
3663,0.0055
3664,0.005
3665,0.005
3666,0.005
3667,0.005
3668,0.0045
3669,0.0045
3670,0.004
3671,0.0035
3672,0.003
3673,0.0025
3674,0.0025
3675,0.0025
3676,0.0025
3677,0.003
3678,0.0035
3679,0.004
3680,0.004
3681,0.0045
3682,0.0045
3683,0.0045
3684,0.0045
3685,0.0045
3686,0.0045
3687,0.005
3688,0.005
3689,0.005
3690,0.005
3691,0.005
3692,0.005
3693,0.005
3694,0.005
3695,0.005
3696,0.005
3697,0.005
3698,0.0055
3699,0.0055
3700,0.0055
3701,0.0055
3702,0.0055
3703,0.0055
3704,0.0055
3705,0.0055
3706,0.0055
3707,0.005
3708,0.005
3709,0.005
3710,0.0045
3711,0.0045
3712,0.0045
3713,0.0045
3714,0.0045
3715,0.0045
3716,0.0045
3717,0.005
3718,0.005
3719,0.005
3720,0.005
3721,0.0055
3722,0.0055
3723,0.0055
3724,0.0055
3725,0.0055
3726,0.005
3727,0.005
3728,0.005
3729,0.005
3730,0.0045
3731,0.0045
3732,0.0045
3733,0.0045
3734,0.0045
3735,0.0045
3736,0.0045
3737,0.0045
3738,0.0045
3739,0.0045
3740,0.0045
3741,0.0045
3742,0.005
3743,0.005
3744,0.005
3745,0.005
3746,0.005
3747,0.005
3748,0.005
3749,0.005
3750,0.0045
3751,0.0045
3752,0.0045
3753,0.0045
3754,0.0045
3755,0.0045
3756,0.0045
3757,0.0045
3758,0.0045
3759,0.0045
3760,0.0045
3761,0.0045
3762,0.0045
3763,0.0045
3764,0.0045
3765,0.0045
3766,0.0045
3767,0.0045
3768,0.0045
3769,0.0045
3770,0.0045
3771,0.0045
3772,0.0045
3773,0.0045
3774,0.0045
3775,0.0045
3776,0.0045
3777,0.0045
3778,0.0045
3779,0.005
3780,0.005
3781,0.005
3782,0.0045
3783,0.0045
3784,0.0045
3785,0.0045
3786,0.0045
3787,0.004
3788,0.004
3789,0.004
3790,0.004
3791,0.004
3792,0.004
3793,0.004
3794,0.0045
3795,0.0045
3796,0.0045
3797,0.0045
3798,0.005
3799,0.005
3800,0.005
3801,0.005
3802,0.005
3803,0.005
3804,0.0045
3805,0.0045
3806,0.0045
3807,0.0045
3808,0.0045
3809,0.004
3810,0.004
3811,0.004
3812,0.004
3813,0.004
3814,0.004
3815,0.004
3816,0.004
3817,0.004
3818,0.0045
3819,0.0045
3820,0.005
3821,0.005
3822,0.005
3823,0.005
3824,0.005
3825,0.005
3826,0.005
3827,0.005
3828,0.005
3829,0.005
3830,0.005
3831,0.0045
3832,0.0045
3833,0.004
3834,0.004
3835,0.004
3836,0.004
3837,0.004
3838,0.004
3839,0.0045
3840,0.0045
3841,0.0045
3842,0.0045
3843,0.0045
3844,0.0045
3845,0.0045
3846,0.0045
3847,0.0045
3848,0.0045
3849,0.0045
3850,0.0045
3851,0.0045
3852,0.0045
3853,0.0045
3854,0.0045
3855,0.0045
3856,0.004
3857,0.004
3858,0.004
3859,0.004
3860,0.004
3861,0.004
3862,0.004
3863,0.004
3864,0.004
3865,0.004
3866,0.004
3867,0.004
3868,0.004
3869,0.004
3870,0.0035
3871,0.0035
3872,0.0035
3873,0.0035
3874,0.0035
3875,0.0035
3876,0.0035
3877,0.0035
3878,0.0035
3879,0.0035
3880,0.0035
3881,0.0035
3882,0.0035
3883,0.0035
3884,0.0035
3885,0.0035
3886,0.0035
3887,0.0035
3888,0.0035
3889,0.0035
3890,0.0035
3891,0.0035
3892,0.0035
3893,0.0035
3894,0.0035
3895,0.0035
3896,0.004
3897,0.004
3898,0.004
3899,0.004
3900,0.004
3901,0.004
3902,0.004
3903,0.004
3904,0.004
3905,0.004
3906,0.004
3907,0.004
3908,0.0035
3909,0.0035
3910,0.0035
3911,0.0035
3912,0.0035
3913,0.0035
3914,0.0035
3915,0.0035
3916,0.0035
3917,0.0035
3918,0.0035
3919,0.0035
3920,0.0035
3921,0.0035
3922,0.0035
3923,0.0035
3924,0.0035
3925,0.0035
3926,0.0035
3927,0.0035
3928,0.0035
3929,0.0035
3930,0.0035
3931,0.0035
3932,0.0035
3933,0.0035
3934,0.0035
3935,0.0035
3936,0.0035
3937,0.0035
3938,0.0035
3939,0.0035
3940,0.0035
3941,0.0035
3942,0.0035
3943,0.0035
3944,0.004
3945,0.004
3946,0.004
3947,0.004
3948,0.004
3949,0.004
3950,0.004
3951,0.004
3952,0.004
3953,0.004
3954,0.004
3955,0.004
3956,0.004
3957,0.004
3958,0.004
3959,0.004
3960,0.004
3961,0.004
3962,0.004
3963,0.004
3964,0.004
3965,0.004
3966,0.004
3967,0.004
3968,0.004
3969,0.004
3970,0.004
3971,0.004
3972,0.004
3973,0.004
3974,0.004
3975,0.004
3976,0.0035
3977,0.0035
3978,0.0035
3979,0.0035
3980,0.0035
3981,0.0035
3982,0.0035
3983,0.0035
3984,0.0035
3985,0.0035
3986,0.0035
3987,0.0035
3988,0.0035
3989,0.0035
3990,0.0035
3991,0.0035
3992,0.0035
3993,0.0035
3994,0.0035
3995,0.0035
3996,0.0035
3997,0.0035
3998,0.0035
3999,0.0035
4000,0.0035
,
,
,
,
,
,
,
,
,
,
,
,
,
,
,
,
,
,
,
,
,
,
,
,
,
,
,
,
,
,
,
,
,
,
,
,
,
,
,
,
,
,
,
,
,
,
,
,
,
,
,
,
,
,
,
,
,
,
,
,
,
,
,
,
,
,
,
,
,
,
,
,
,
,
,
,
,
,
,
,
,
,
,
,
,
,
,
,
,
,
,
,
,
,
,
,
,
,
,
,
,
,
,
,
,
,
,
,
,
,
,
,
,
,
,
,
,
,
,
,
,
,
,
,
,
,
,
,
,
,
,
,
,
,
,
,
,
,
,
,
,
,
,
,
,
,
,
,
,
,
,
,
,
,
,
,
,
,
,
,
,
,
,
,
,
,
,
,
,
,
,
,
,
,
,
,
,
,
,
,
,
,
,
,
,
,
,
,
,
,
,
,
,
,
,
,
,
,
,
,
,
,
,
,
,
,
,
,
,
,
,
,
,
,
,
,
,
,
,
,
,
,
,
,
,
,
,
,
,
,
,
,
,
,
,
,
,
,
,
,
,
,
,
,
,
,
,
,
,
,
,
,
,
,
,
,
,
,
,
,
,
,
,
,
,
,
,
,
,
,
,
,
,
,
,
,
,
,
,
,
,
,
,
,
,
,
,
,
,
,
,
,
,
,
,
,
,
,
,
,
,
,
,
,
,
,
,
,
,
,
,
,
,
,
,
,
,
,
,
,
,
,
,
,
,
,
,
,
,
,
,
,
,
,
,
,
,
,
,
,
,
,
,
,
,
,
,
,
,
,
,
,
,
,
,
,
,
,
,
,
,
,
,
,
,
,
,
,
,
,
,
,
,
,
,
,
,
,
,
,
,
,
,
,
,
,
,
,
,
,
,
,
,
,
,
,
,
,
,
,
,
,
,
,
,
,
,
,
,
,
,
,
,
,
,
,
,
,
,
,
,
,
,
,
,
,
,
,
,
,
,
,
,
,
,
,
,
,
,
,
,
,
,
,
,
,
,
,
,
,
,
,
,
,
,
,
,
,
,
,
,
,
,
,
,
,
,
,
,
,
,
,
,
,
,
,
,
,
,
,
,
,
,
,
,
,
,
,
,
,
,
,
,
,
,
,
,
,
,
,
,
,
,
,
,
,
,
,
,
,
,
,
,
,
,
,
,
,
,
,
,
,
,
,
,
,
,
,
,
,
,
,
,
,
,
,
,
,
,
,
,
,
,
,
,
,
,
,
,
,
,
,
,
,
,
,
,
,
,
,
,
,
,
,
,
,
,
,
,
,
,
,
,
,
,
,
,
,
,
,
,
,
,
,
,
,
,
,
,
,
,
,
,
,
,
,
,
,
,
,
,
,
,
,
,
,
,
,
,
,
,
,
,
,
,
,
,
,
,
,
,
,
,
,
,
,
,
,
,
,
,
,
,
,
,
,
,
,
,
,
,
,
,
,
,
,
,
,
,
,
,
,
,
,
,
,
,
,
,
,
,
,
,
,
,
,
,
,
,
,
,
,
,
,
,
,
,
,
,
,
,
,
,
,
,
,
,
,
,
,
,
,
,
,
,
,
,
,
,
,
,
,
,
,
,
,
,
,
,
,
,
,
,
,
,
,
,
,
,
,
,
,
,
,
,
,
,
,
,
,
,
,
,
,
,
,
,
,
,
,
,
,
,
,
,
,
,
,
,
,
,
,
,
,
,
,
,
,
,
,
,
,
,
,
,
,
,
,
,
,
,
,
,
,
,
,
,
,
,
,
,
,
,
,
,
,
,
,
,
,
,
,
,
,
,
,
,
,
,
,
,
,
,
,
,
,
,
,
,
,
,
,
,
,
,
,
,
,
,
,
,
,
,
,
,
,
,
,
,
,
,
,
,
,
,
,
,
,
,
,
,
,
,
,
,
,
,
,
,
,
,
,
,
,
,
,
,
,
,
,
,
,
,
,
,
,
,
,
,
,
,
,
,
,
,
,
,
,
,
,
,
,
,
,
,
,
,
,
,
,
,
,
,
,
,
,
,
,
,
,
,
,
,
,
,
,
,
,
,
,
,
,
,
,
,
,
,
,
,
,
,
,
,
,
,
,
,
,
,
,
,
,
,
,
,
,
,
,
,
,
,
,
,
,
,
,
,
,
,
,
,
,
,
,
,
,
,
,
,
,
,
,
,
,
,
,
,
,
,
,
,
,
,
,
,
,
,
,
,
,
,
,
,
,
,
,
,
,
,
,
,
,
,
,
,
,
,
,
,
,
,
,
,
,
,
,
,
,
,
,
,
,
,
,
,
,
,
,
,
,
,
,
,
,
,
,
,
,
,
,
,
,
,
,
,
,
,
,
,
,
,
,
,
,
,
,
,
,
,
,
,
,
,
,
,
,
,
,
,
,
,
,
,
,
,
,
,
,
,
,
,
,
,
,
,
,
,
,
,
,
,
,
,
,
,
,
,
,
,
,
,
,
,
,
,
,
,
,
,
,
,
,
,
,
,
,
,
,
,
,
,
,
,
,
,
,
,
,
,
,
,
,
,
,
,
,
,
,
,
,
,
,
,
,
,
,
,
,
,
,
,
,
,
,
,
,
,
,
,
,
,
,
,
,
,
,
,
,
,
,
,
,
,
,
,
,
,
,
,
,
,
,
,
,
,
,
,
,
,
,
,
,
,
,
,
,
,
,
,
,
,
,
,
,
,
,
,
,
,
,
,
,
,
,
,
,
,
,
,
,
,
,
,
,
,
,
,
,
,
,
,
,
,
,
,
,
,
,
,
,
,
,
,
,
,
,
,
,
,
,
,
,
,
,
,
,
,
,
,
,
,
,
,
,
,
,
,
,
,
,
,
,
,
,
,
,
,
,
,
,
,
,
,
,
,
,
,
,
,
,
,
,
,
,
,
,
,
,
,
,
,
,
,
,
,
,
,
,
,
,
,
,
,
,
,
,
,
,
,
,
,
,
,
,
,
,
,
,
,
,
,
,
,
,
,
,
,
,
,
,
,
,
,
,
,
,
,
,
,
,
,
,
,
,
,
,
,
,
,
,
,
,
,
,
,
,
,
,
,
,
,
,
,
,
,
,
,
,
,
,
,
,
,
,
,
,
,
,
,
,
,
,
,
,
,
,
,
,
,
,
,
,
,
,
,
,
,
,
,
,
,
,
,
,
,
,
,
,
,
,
,
,
,
,
,
,
,
,
,
,
,
,
,
,
,
,
,
,
,
,
,
,
,
,
,
,
,
,
,
,
,
,
,
,
,
,
,
,
,
,
,
,
,
,
,
,
,
,
,
,
,
,
,
,
,
,
,
,
,
,
,
,
,
,
,
,
,
,
,
,
,
,
,
,
,
,
,
,
,
,
,
,
,
,
,
,
,
,
,
,
,
,
,
,
,
,
,
,
,
,
,
,
,
,
,
,
,
,
,
,
,
,
,
,
,
,
,
,
,
,
,
,
,
,
,
,
,
,
,
,
,
,
,
,
,
,
,
,
,
,
,
,
,
,
,
,
,
,
,
,
,
,
,
,
,
,
,
,
,
,
,
,
,
,
,
,
,
,
,
,
,
,
,
,
,
,
,
,
,
,
,
,
,
,
,
,
,
,
,
,
,
,
,
,
,
,
,
,
,
,
,
,
,
,
,
,
,
,
,
,
,
,
,
,
,
,
,
,
,
,
,
,
,
,
,
,
,
,
,
,
,
,
,
,
,
,
,
,
,
,
,
,
,
,
,
,
,
,
,
,
,
,
,
,
,
,
,
,
,
,
,
,
,
,
,
,
,
,
,
,
,
,
,
,
,
,
,
,
,
,
,
,
,
,
,
,
,
,
,
,
,
,
,
,
,
,
,
,
,
,
,
,
,
,
,
,
,
,
,
,
,
,
,
,
,
,
,
,
,
,
,
,
,
,
,
,
,
,
,
,
,
,
,
,
,
,
,
,
,
,
,
,
,
,
,
,
,
,
,
,
,
,
,
,
,
,
,
,
,
,
,
,
,
,
,
,
,
,
,
,
,
,
,
,
,
,
,
,
,
,
,
,
,
,
,
,
,
,
,
,
,
,
,
,
,
,
,
,
,
,
,
,
,
,
,
,
,
,
,
,
,
,
,
,
,
,
,
,
,
,
,
,
,
,
,
,
,
,
,
,
,
,
,
,
,
,
,
,
,
,
,
,
,
,
,
,
,
,
,
,
,
,
,
,
,
,
,
,
,
,
,
,
,
,
,
,
,
,
,
,
,
,
,
,
,
,
,
,
,
,
,
,
,
,
,
,
,
,
,
,
,
,
,
,
,
,
,
,
,
,
,
,
,
,
,
,
,
,
,
,
,
,
,
,
,
,
,
,
,
,
,
,
,
,
,
,
,
,
,
,
,
,
,
,
,
,
,
,
,
,
,
,
,
,
,
,
,
,
,
,
,
,
,
,
,
,
,
,
,
,
,
,
,
,
,
,
,
,
,
,
,
,
,
,
,
,
,
,
,
,
,
,
,
,
,
,
,
,
,
,
,
,
,
,
,
,
,
,
,
,
,
,
,
,
,
,
,
,
,
,
,
,
,
,
,
,
,
,
,
,
,
,
,
,
,
,
,
,
,
,
,
,
,
,
,
,
,
,
,
,
,
,
,
,
,
,
,
,
,
,
,
,
,
,
,
,
,
,
,
,
,
,
,
,
,
,
,
,
,
,
,
,
,
,
,
,
,
,
,
,
,
,
,
,
,
,
,
,
,
,
,
,
,
,
,
,
,
,
,
,
,
,
,
,
,
,
,
,
,
,
,
,
,
,
,
,
,
,
,
,
,
,
,
,
,
,
,
,
,
,
,
,
,
,
,
,
,
,
,
,
,
,
,
,
,
,
,
,
,
,
,
,
,
,
,
,
,
,
,
,
,
,
,
,
,
,
,
,
,
,
,
,
,
,
,
,
,
,
,
,
,
,
,
,
,
,
,
,
,
,
,
,
,
,
,
,
,
,
,
,
,
,
,
,
,
,
,
,
,
,
,
,
,
,
,
,
,
,
,
,
,
,
,
,
,
,
,
,
,
,
,
,
,
,
,
,
,
,
,
,
,
,
,
,
,
,
,
,
,
,
,
,
,
,
,
,
,
,
,
,
,
,
,
,
,
,
,
,
,
,
,
,
,
,
,
,
,
,
,
,
,
,
,
,
,
,
,
,
,
,
,
,
,
,
,
,
,
,
,
,
,
,
,
,
,
,
,
,
,
,
,
,
,
,
,
,
,
,
,
,
,
,
,
,
,
,
,
,
,
,
,
,
,
,
,
,
,
,
,
,
,
,
,
,
,
,
,
,
,
,
,
,
,
,
,
,
,
,
,
,
,
,
,
,
,
,
,
,
,
,
,
,
,
,
,
,
,
,
,
,
,
,
,
,
,
,
,
,
,
,
,
,
,
,
,
,
,
,
,
,
,
,
,
,
,
,
,
,
,
,
,
,
,
,
,
,
,
,
,
,
,
,
,
,
,
,
,
,
,
,
,
,
,
,
,
,
,
,
,
,
,
,
,
,
,
,
,
,
,
,
,
,
,
,
,
,
,
,
,
,
,
,
,
,
,
,
,
,
,
,
,
,
,
,
,
,
,
,
,
,
,
,
,
,
,
,
,
,
,
,
,
,
,
,
,
,
,
,
,
,
,
,
,
,
,
,
,
,
,
,
,
,
,
,
,
,
,
,
,
,
,
,
,
,
,
,
,
,
,
,
,
,
,
,
,
,
,
,
,
,
,
,
,
,
,
,
,
,
,
,
,
,
,
,
,
,
,
,
,
,
,
,
,
,
,
,
,
,
,
,
,
,
,
,
,
,
,
,
,
,
,
,
,
,
,
,
,
,
,
,
,
,
,
,
,
,
,
,
,
,
,
,
,
,
,
,
,
,
,
,
,
,
,
,
,
,
,
,
,
,
,
,
,
,
,
,
,
,
,
,
,
,
,
,
,
,
,
,
,
,
,
,
,
,
,
,
,
,
,
,
,
,
,
,
,
,
,
,
,
,
,
,
,
,
,
,
,
,
,
,
,
,
,
,
,
,
,
,
,
,
,
,
,
,
,
,
,
,
,
,
,
,
,
,
,
,
,
,
,
,
,
,
,
,
,
,
,
,
,
,
,
,
,
,
,
,
,
,
,
,
,
,
,
,
,
,
,
,
,
,
,
,
,
,
,
,
,
,
,
,
,
,
,
,
,
,
,
,
,
,
,
,
,
,
,
,
,
,
,
,
,
,
,
,
,
,
,
,
,
,
,
,
,
,
,
,
,
,
,
,
,
,
,
,
,
,
,
,
,
,
,
,
,
,
,
,
,
,
,
,
,
,
,
,
,
,
,
,
,
,
,
,
,
,
,
,
,
,
,
,
,
,
,
,
,
,
,
,
,
,
,
,
,
,
,
,
,
,
,
,
,
,
,
,
,
,
,
,
,
,
,
,
,
,
,
,
,
,
,
,
,
,
,
,
,
,
,
,
,
,
,
,
,
,
,
,
,
,
,
,
,
,
,
,
,
,
,
,
,
,
,
,
,
,
,
,
,
,
,
,
,
,
,
,
,
,
,
,
,
,
,
,
,
,
,
,
,
,
,
,
,
,
,
,
,
,
,
,
,
,
,
,
,
,
,
,
,
,
,
,
,
,
,
,
,
,
,
,
,
,
,
,
,
,
,
,
,
,
,
,
,
,
,
,
,
,
,
,
,
,
,
,
,
,
,
,
,
,
,
,
,
,
,
,
,
,
,
,
,
,
,
,
,
,
,
,
,
,
,
,
,
,
,
,
,
,
,
,
,
,
,
,
,
,
,
,
,
,
,
,
,
,
,
,
,
,
,
,
,
,
,
,
,
,
,
,
,
,
,
,
,
,
,
,
,
,
,
,
,
,
,
,
,
,
,
,
,
,
,
,
,
,
,
,
,
,
,
,
,
,
,
,
,
,
,
,
,
,
,
,
,
,
,
,
,
,
,
,
,
,
,
,
,
,
,
,
,
,
,
,
,
,
,
,
,
,
,
,
,
,
,
,
,
,
,
,
,
,
,
,
,
,
,
,
,
,
,
,
,
,
,
,
,
,
,
,
,
,
,
,
,
,
,
,
,
,
,
,
,
,
,
,
,
,
,
,
,
,
,
,
,
,
,
,
,
,
,
,
,
,
,
,
,
,
,
,
,
,
,
,
,
,
,
,
,
,
,
,
,
,
,
,
,
,
,
,
,
,
,
,
,
,
,
,
,
,
,
,
,
,
,
,
,
,
,
,
,
,
,
,
,
,
,
,
,
,
,
,
,
,
,
,
,
,
,
,
,
,
,
,
,
,
,
,
,
,
,
,
,
,
,
,
,
,
,
,
,
,
,
,
,
,
,
,
,
,
,
,
,
,
,
,
,
,
,
,
,
,
,
,
,
,
,
,
,
,
,
,
,
,
,
,
,
,
,
,
,
,
,
,
,
,
,
,
,
,
,
,
,
,
,
,
,
,
,
,
,
,
,
,
,
,
,
,
,
,
,
,
,
,
,
,
,
,
,
,
,
,
,
,
,
,
,
,
,
,
,
,
,
,
,
,
,
,
,
,
,
,
,
,
,
,
,
,
,
,
,
,
,
,
,
,
,
,
,
,
,
,
,
,
,
,
,
,
,
,
,
,
,
,
,
,
,
,
,
,
,
,
,
,
,
,
,
,
,
,
,
,
,
,
,
,
,
,
,
,
,
,
,
,
,
,
,
,
,
,
,
,
,
,
,
,
,
,
,
,
,
,
,
,
,
,
,
,
,
,
,
,
,
,
,
,
,
,
,
,
,
,
,
,
,
,
,
,
,
,
,
,
,
,
,
,
,
,
,
,
,
,
,
,
,
,
,
,
,
,
,
,
,
,
,
,
,
,
,
,
,
,
,
,
,
,
,
,
,
,
,
,
,
,
,
,
,
,
,
,
,
,
,
,
,
,
,
,
,
,
,
,
,
,
,
,
,
,
,
,
,
,
,
,
,
,
,
,
,
,
,
,
,
,
,
,
,
,
,
,
,
,
,
,
,
,
,
,
,
,
,
,
,
,
,
,
,
,
,
,
,
,
,
,
,
,
,
,
,
,
,
,
,
,
,
,
,
,
,
,
,
,
,
,
,
,
,
,
,
,
,
,
,
,
,
,
,
,
,
,
,
,
,
,
,
,
,
,
,
,
,
,
,
,
,
,
,
,
,
,
,
,
,
,
,
,
,
,
,
,
,
,
,
,
,
,
,
,
,
,
,
,
,
,
,
,
,
,
,
,
,
,
,
,
,
,
,
,
,
,
,
,
,
,
,
,
,
,
,
,
,
,
,
,
,
,
,
,
,
,
,
,
,
,
,
,
,
,
,
,
,
,
,
,
